BEGIN;

insert into gerente (id, nome, email, senha) values (1, 'Lolly', 'lparfrey0@rakuten.co.jp', 'W3xYwo');
insert into gerente (id, nome, email, senha) values (2, 'Arly', 'ainfante1@moonfruit.com', 'DxrQOr9OksL');
insert into gerente (id, nome, email, senha) values (3, 'Patti', 'ppylkynyton2@hugedomains.com', '8ooOVnc0giA9');
insert into gerente (id, nome, email, senha) values (4, 'Ado', 'abalffye3@chron.com', 'yQEOj7Y');
insert into gerente (id, nome, email, senha) values (5, 'Nichols', 'ngibbard4@jalbum.net', 'k5UCYD1so0');
insert into gerente (id, nome, email, senha) values (6, 'Faustine', 'fadelberg5@sciencedirect.com', 'sye8Td');
insert into gerente (id, nome, email, senha) values (7, 'Eda', 'estradling6@twitpic.com', 'xVZwGEI');
insert into gerente (id, nome, email, senha) values (8, 'Rock', 'rgierek7@ibm.com', 'tV0HirJ');
insert into gerente (id, nome, email, senha) values (9, 'Magdalene', 'mjones8@studiopress.com', 'XmmnD4iLe');
insert into gerente (id, nome, email, senha) values (10, 'Susanna', 'smcfetridge9@blinklist.com', 'yIHgVWFcxCkY');

insert into conferencia (id, titulo, descricao, data_inicio, data_fim, limite_participantes, id_gerente) values (1, 'Chevrolet', 'Suspendisse accumsan tortor quis turpis.', '2022-03-12 08:39:51', '2022-07-12 16:45:31', null, 1);
insert into conferencia (id, titulo, descricao, data_inicio, data_fim, limite_participantes, id_gerente) values (2, 'Land Rover', 'Integer a nibh. In quis justo.', '2022-02-25 14:55:24', '2021-11-30 00:36:18', null, 2);
insert into conferencia (id, titulo, descricao, data_inicio, data_fim, limite_participantes, id_gerente) values (3, 'Ford', 'Nam tristique tortor eu pede.', '2021-09-14 10:28:43', '2022-05-03 15:04:30', null, 9);
insert into conferencia (id, titulo, descricao, data_inicio, data_fim, limite_participantes, id_gerente) values (4, 'Jeep', 'Morbi vestibulum, velit id pretium iaculis, diam erat fermentum justo, nec condimentum neque sapien placerat ante. Nulla justo.', '2022-08-11 09:18:38', '2022-03-31 02:19:40', 61, 9);
insert into conferencia (id, titulo, descricao, data_inicio, data_fim, limite_participantes, id_gerente) values (5, 'MINI', 'Vestibulum ac est lacinia nisi venenatis tristique.', '2022-06-12 08:16:53', '2021-10-29 19:46:41', null, 9);
insert into conferencia (id, titulo, descricao, data_inicio, data_fim, limite_participantes, id_gerente) values (6, 'Volvo', 'Nunc rhoncus dui vel sem. Sed sagittis.', '2021-12-15 14:47:42', '2021-12-11 11:12:23', 26, 1);
insert into conferencia (id, titulo, descricao, data_inicio, data_fim, limite_participantes, id_gerente) values (7, 'GMC', 'Nulla mollis molestie lorem.', '2022-08-11 14:22:13', '2021-09-14 08:29:51', null, 3);
insert into conferencia (id, titulo, descricao, data_inicio, data_fim, limite_participantes, id_gerente) values (8, 'Land Rover', 'Nulla suscipit ligula in lacus. Curabitur at ipsum ac tellus semper interdum.', '2022-08-07 09:06:45', '2022-01-17 00:11:18', 48, 10);
insert into conferencia (id, titulo, descricao, data_inicio, data_fim, limite_participantes, id_gerente) values (9, 'Porsche', 'Cras mi pede, malesuada in, imperdiet et, commodo vulputate, justo. In blandit ultrices enim.', '2021-11-28 04:38:35', '2022-07-10 07:00:24', null, 7);
insert into conferencia (id, titulo, descricao, data_inicio, data_fim, limite_participantes, id_gerente) values (10, 'Lexus', 'Vivamus metus arcu, adipiscing molestie, hendrerit at, vulputate vitae, nisl.', '2022-07-25 11:42:40', '2021-11-30 22:55:04', null, 6);

insert into sessao (id, assunto, descricao, data, hora_inicio, hora_termino, link_acesso, id_conferencia) values (1, 'Pilot', null, '2022-07-19', '12:57', '3:50', 'http://dummyimage.com/228x100.png/dddddd/000000', 1);
insert into sessao (id, assunto, descricao, data, hora_inicio, hora_termino, link_acesso, id_conferencia) values (2, 'S40', 'Duis mattis egestas metus. Aenean fermentum. Donec ut mauris eget massa tempor convallis.', '2022-03-20', '21:07', '19:10', 'http://dummyimage.com/122x100.png/dddddd/000000', 6);
insert into sessao (id, assunto, descricao, data, hora_inicio, hora_termino, link_acesso, id_conferencia) values (3, 'Festiva', 'Vivamus vestibulum sagittis sapien. Cum sociis natoque penatibus et magnis dis parturient montes, nascetur ridiculus mus. Etiam vel augue.', '2022-07-09', '2:09', '21:04', 'http://dummyimage.com/171x100.png/cc0000/ffffff', 3);
insert into sessao (id, assunto, descricao, data, hora_inicio, hora_termino, link_acesso, id_conferencia) values (4, 'V12 Vantage', 'Nulla facilisi.', '2021-12-20', '8:54', '15:13', 'http://dummyimage.com/112x100.png/5fa2dd/ffffff', 3);
insert into sessao (id, assunto, descricao, data, hora_inicio, hora_termino, link_acesso, id_conferencia) values (5, 'Continental Mark VII', 'Suspendisse potenti.', '2021-12-10', '9:18', '18:31', 'http://dummyimage.com/208x100.png/dddddd/000000', 2);
insert into sessao (id, assunto, descricao, data, hora_inicio, hora_termino, link_acesso, id_conferencia) values (6, 'Arnage', 'Curabitur at ipsum ac tellus semper interdum. Mauris ullamcorper purus sit amet nulla.', '2021-11-30', '15:59', '16:05', 'http://dummyimage.com/217x100.png/cc0000/ffffff', 9);
insert into sessao (id, assunto, descricao, data, hora_inicio, hora_termino, link_acesso, id_conferencia) values (7, 'STS', 'Fusce consequat. Nulla nisl.', '2022-06-13', '23:23', '17:03', 'http://dummyimage.com/113x100.png/5fa2dd/ffffff', 10);
insert into sessao (id, assunto, descricao, data, hora_inicio, hora_termino, link_acesso, id_conferencia) values (8, 'Impreza', 'Nunc rhoncus dui vel sem. Sed sagittis. Nam congue, risus semper porta volutpat, quam pede lobortis ligula, sit amet eleifend pede libero quis orci.', '2022-06-10', '17:03', '3:46', 'http://dummyimage.com/162x100.png/5fa2dd/ffffff', 1);
insert into sessao (id, assunto, descricao, data, hora_inicio, hora_termino, link_acesso, id_conferencia) values (9, 'Bonneville', null, '2021-10-02', '13:03', '21:45', 'http://dummyimage.com/245x100.png/ff4444/ffffff', 4);
insert into sessao (id, assunto, descricao, data, hora_inicio, hora_termino, link_acesso, id_conferencia) values (10, 'MX-5', 'Nulla justo. Aliquam quis turpis eget elit sodales scelerisque.', '2021-10-11', '16:42', '6:49', 'http://dummyimage.com/203x100.png/dddddd/000000', 2);
insert into sessao (id, assunto, descricao, data, hora_inicio, hora_termino, link_acesso, id_conferencia) values (11, 'Challenger', 'Donec ut mauris eget massa tempor convallis.', '2022-08-11', '21:32', '18:43', 'http://dummyimage.com/219x100.png/ff4444/ffffff', 3);
insert into sessao (id, assunto, descricao, data, hora_inicio, hora_termino, link_acesso, id_conferencia) values (12, 'S60', 'Vestibulum ac est lacinia nisi venenatis tristique.', '2022-02-26', '6:18', '20:01', 'http://dummyimage.com/244x100.png/dddddd/000000', 2);
insert into sessao (id, assunto, descricao, data, hora_inicio, hora_termino, link_acesso, id_conferencia) values (13, 'Accord', 'Sed ante. Vivamus tortor. Duis mattis egestas metus.', '2021-10-17', '19:27', '8:05', 'http://dummyimage.com/124x100.png/5fa2dd/ffffff', 4);
insert into sessao (id, assunto, descricao, data, hora_inicio, hora_termino, link_acesso, id_conferencia) values (14, 'Ram Van B150', null, '2022-03-11', '15:40', '4:49', 'http://dummyimage.com/161x100.png/5fa2dd/ffffff', 1);
insert into sessao (id, assunto, descricao, data, hora_inicio, hora_termino, link_acesso, id_conferencia) values (15, 'Topaz', 'Curabitur gravida nisi at nibh. In hac habitasse platea dictumst. Aliquam augue quam, sollicitudin vitae, consectetuer eget, rutrum at, lorem.', '2021-11-05', '0:18', '21:50', 'http://dummyimage.com/192x100.png/5fa2dd/ffffff', 1);
insert into sessao (id, assunto, descricao, data, hora_inicio, hora_termino, link_acesso, id_conferencia) values (16, '57', 'In hac habitasse platea dictumst. Morbi vestibulum, velit id pretium iaculis, diam erat fermentum justo, nec condimentum neque sapien placerat ante. Nulla justo.', '2022-01-22', '4:09', '4:16', 'http://dummyimage.com/171x100.png/cc0000/ffffff', 2);
insert into sessao (id, assunto, descricao, data, hora_inicio, hora_termino, link_acesso, id_conferencia) values (17, 'ES', 'Integer ac neque.', '2021-10-18', '0:43', '14:40', 'http://dummyimage.com/209x100.png/5fa2dd/ffffff', 1);
insert into sessao (id, assunto, descricao, data, hora_inicio, hora_termino, link_acesso, id_conferencia) values (18, 'X5 M', 'Donec ut dolor.', '2022-02-15', '11:50', '20:39', 'http://dummyimage.com/115x100.png/cc0000/ffffff', 2);
insert into sessao (id, assunto, descricao, data, hora_inicio, hora_termino, link_acesso, id_conferencia) values (19, 'Explorer', 'Mauris ullamcorper purus sit amet nulla.', '2021-10-06', '5:55', '22:02', 'http://dummyimage.com/246x100.png/cc0000/ffffff', 5);
insert into sessao (id, assunto, descricao, data, hora_inicio, hora_termino, link_acesso, id_conferencia) values (20, 'Fit', 'Integer pede justo, lacinia eget, tincidunt eget, tempus vel, pede. Morbi porttitor lorem id ligula.', '2021-09-21', '9:40', '21:40', 'http://dummyimage.com/201x100.png/ff4444/ffffff', 10);
insert into sessao (id, assunto, descricao, data, hora_inicio, hora_termino, link_acesso, id_conferencia) values (21, 'SRX', 'Suspendisse potenti.', '2021-10-18', '9:10', '9:45', 'http://dummyimage.com/111x100.png/dddddd/000000', 5);
insert into sessao (id, assunto, descricao, data, hora_inicio, hora_termino, link_acesso, id_conferencia) values (22, 'Legend', 'Mauris sit amet eros. Suspendisse accumsan tortor quis turpis. Sed ante.', '2022-04-30', '5:04', '8:18', 'http://dummyimage.com/185x100.png/dddddd/000000', 8);
insert into sessao (id, assunto, descricao, data, hora_inicio, hora_termino, link_acesso, id_conferencia) values (23, 'Biturbo', 'Vestibulum ante ipsum primis in faucibus orci luctus et ultrices posuere cubilia Curae; Mauris viverra diam vitae quam. Suspendisse potenti. Nullam porttitor lacus at turpis.', '2022-03-26', '9:50', '4:57', 'http://dummyimage.com/105x100.png/5fa2dd/ffffff', 4);
insert into sessao (id, assunto, descricao, data, hora_inicio, hora_termino, link_acesso, id_conferencia) values (24, 'CTS-V', null, '2022-01-22', '23:37', '15:22', 'http://dummyimage.com/110x100.png/ff4444/ffffff', 5);
insert into sessao (id, assunto, descricao, data, hora_inicio, hora_termino, link_acesso, id_conferencia) values (25, 'Bonneville', 'Vestibulum ante ipsum primis in faucibus orci luctus et ultrices posuere cubilia Curae; Donec pharetra, magna vestibulum aliquet ultrices, erat tortor sollicitudin mi, sit amet lobortis sapien sapien non mi.', '2022-05-13', '6:55', '6:52', 'http://dummyimage.com/245x100.png/5fa2dd/ffffff', 8);
insert into sessao (id, assunto, descricao, data, hora_inicio, hora_termino, link_acesso, id_conferencia) values (26, 'Express', 'Morbi non lectus.', '2021-10-19', '3:17', '6:48', 'http://dummyimage.com/168x100.png/cc0000/ffffff', 6);
insert into sessao (id, assunto, descricao, data, hora_inicio, hora_termino, link_acesso, id_conferencia) values (27, 'Elantra', 'Integer ac leo. Pellentesque ultrices mattis odio.', '2022-06-13', '16:16', '8:47', 'http://dummyimage.com/233x100.png/dddddd/000000', 5);
insert into sessao (id, assunto, descricao, data, hora_inicio, hora_termino, link_acesso, id_conferencia) values (28, 'Tiburon', null, '2021-09-20', '18:16', '2:15', 'http://dummyimage.com/119x100.png/ff4444/ffffff', 6);
insert into sessao (id, assunto, descricao, data, hora_inicio, hora_termino, link_acesso, id_conferencia) values (29, 'Breeze', 'Nulla tellus.', '2022-03-04', '22:30', '7:03', 'http://dummyimage.com/125x100.png/dddddd/000000', 2);
insert into sessao (id, assunto, descricao, data, hora_inicio, hora_termino, link_acesso, id_conferencia) values (30, 'S10', 'Pellentesque at nulla.', '2022-04-04', '5:28', '4:54', 'http://dummyimage.com/190x100.png/dddddd/000000', 6);
insert into sessao (id, assunto, descricao, data, hora_inicio, hora_termino, link_acesso, id_conferencia) values (31, 'Firefly', 'Nullam varius.', '2021-11-30', '17:53', '3:07', 'http://dummyimage.com/236x100.png/dddddd/000000', 10);
insert into sessao (id, assunto, descricao, data, hora_inicio, hora_termino, link_acesso, id_conferencia) values (32, 'Tracker', 'Nulla facilisi. Cras non velit nec nisi vulputate nonummy. Maecenas tincidunt lacus at velit.', '2022-01-28', '8:42', '7:05', 'http://dummyimage.com/141x100.png/cc0000/ffffff', 6);
insert into sessao (id, assunto, descricao, data, hora_inicio, hora_termino, link_acesso, id_conferencia) values (33, 'C70', null, '2021-10-26', '1:20', '12:07', 'http://dummyimage.com/111x100.png/dddddd/000000', 6);
insert into sessao (id, assunto, descricao, data, hora_inicio, hora_termino, link_acesso, id_conferencia) values (34, 'Camaro', 'Nam congue, risus semper porta volutpat, quam pede lobortis ligula, sit amet eleifend pede libero quis orci.', '2021-12-28', '8:59', '20:42', 'http://dummyimage.com/107x100.png/dddddd/000000', 7);
insert into sessao (id, assunto, descricao, data, hora_inicio, hora_termino, link_acesso, id_conferencia) values (35, 'Rally Wagon 1500', 'Praesent blandit. Nam nulla.', '2022-05-08', '19:47', '16:56', 'http://dummyimage.com/160x100.png/5fa2dd/ffffff', 1);
insert into sessao (id, assunto, descricao, data, hora_inicio, hora_termino, link_acesso, id_conferencia) values (36, 'Aztek', null, '2021-10-03', '23:01', '17:46', 'http://dummyimage.com/207x100.png/cc0000/ffffff', 2);
insert into sessao (id, assunto, descricao, data, hora_inicio, hora_termino, link_acesso, id_conferencia) values (37, 'RX-7', 'Integer a nibh.', '2021-09-06', '23:51', '9:46', 'http://dummyimage.com/113x100.png/ff4444/ffffff', 1);
insert into sessao (id, assunto, descricao, data, hora_inicio, hora_termino, link_acesso, id_conferencia) values (38, 'Econoline E350', 'Nulla mollis molestie lorem. Quisque ut erat.', '2022-03-17', '18:55', '13:35', 'http://dummyimage.com/227x100.png/5fa2dd/ffffff', 5);
insert into sessao (id, assunto, descricao, data, hora_inicio, hora_termino, link_acesso, id_conferencia) values (39, '1500', 'Aliquam quis turpis eget elit sodales scelerisque.', '2022-07-26', '1:25', '0:27', 'http://dummyimage.com/234x100.png/ff4444/ffffff', 5);
insert into sessao (id, assunto, descricao, data, hora_inicio, hora_termino, link_acesso, id_conferencia) values (40, 'Soul', null, '2022-01-22', '20:20', '0:38', 'http://dummyimage.com/171x100.png/ff4444/ffffff', 1);
insert into sessao (id, assunto, descricao, data, hora_inicio, hora_termino, link_acesso, id_conferencia) values (41, 'Starion', null, '2022-07-12', '9:53', '14:16', 'http://dummyimage.com/236x100.png/dddddd/000000', 1);
insert into sessao (id, assunto, descricao, data, hora_inicio, hora_termino, link_acesso, id_conferencia) values (42, 'LS', null, '2022-02-22', '15:25', '3:33', 'http://dummyimage.com/227x100.png/dddddd/000000', 7);
insert into sessao (id, assunto, descricao, data, hora_inicio, hora_termino, link_acesso, id_conferencia) values (43, 'Camry', 'In quis justo. Maecenas rhoncus aliquam lacus.', '2022-08-01', '0:53', '19:02', 'http://dummyimage.com/183x100.png/ff4444/ffffff', 5);
insert into sessao (id, assunto, descricao, data, hora_inicio, hora_termino, link_acesso, id_conferencia) values (44, 'Odyssey', 'Mauris lacinia sapien quis libero. Nullam sit amet turpis elementum ligula vehicula consequat.', '2021-10-14', '7:45', '23:17', 'http://dummyimage.com/178x100.png/5fa2dd/ffffff', 6);
insert into sessao (id, assunto, descricao, data, hora_inicio, hora_termino, link_acesso, id_conferencia) values (45, 'MX-5', null, '2022-02-10', '15:32', '14:02', 'http://dummyimage.com/143x100.png/ff4444/ffffff', 3);
insert into sessao (id, assunto, descricao, data, hora_inicio, hora_termino, link_acesso, id_conferencia) values (46, 'F250', 'Nulla neque libero, convallis eget, eleifend luctus, ultricies eu, nibh.', '2022-07-03', '2:59', '17:57', 'http://dummyimage.com/196x100.png/ff4444/ffffff', 9);
insert into sessao (id, assunto, descricao, data, hora_inicio, hora_termino, link_acesso, id_conferencia) values (47, 'B-Series Plus', 'Etiam justo. Etiam pretium iaculis justo.', '2021-09-27', '17:11', '12:14', 'http://dummyimage.com/244x100.png/dddddd/000000', 1);
insert into sessao (id, assunto, descricao, data, hora_inicio, hora_termino, link_acesso, id_conferencia) values (48, 'Land Cruiser', 'Sed ante. Vivamus tortor. Duis mattis egestas metus.', '2022-03-27', '9:23', '5:27', 'http://dummyimage.com/196x100.png/ff4444/ffffff', 6);
insert into sessao (id, assunto, descricao, data, hora_inicio, hora_termino, link_acesso, id_conferencia) values (49, 'S-Series', null, '2022-02-24', '22:39', '4:20', 'http://dummyimage.com/159x100.png/ff4444/ffffff', 9);
insert into sessao (id, assunto, descricao, data, hora_inicio, hora_termino, link_acesso, id_conferencia) values (50, 'Leganza', null, '2021-10-07', '2:55', '9:25', 'http://dummyimage.com/197x100.png/ff4444/ffffff', 5);

insert into imagem (id, url, descricao, id_entidade) values (1, 'http://dummyimage.com/150x100.png/cc0000/ffffff', 'at velit vivamus', 43);
insert into imagem (id, url, descricao, id_entidade) values (2, 'http://dummyimage.com/190x100.png/5fa2dd/ffffff', 'donec vitae nisi nam', 46);
insert into imagem (id, url, descricao, id_entidade) values (3, 'http://dummyimage.com/217x100.png/5fa2dd/ffffff', 'convallis nulla neque', 26);
insert into imagem (id, url, descricao, id_entidade) values (4, 'http://dummyimage.com/102x100.png/ff4444/ffffff', 'lectus vestibulum quam', 26);
insert into imagem (id, url, descricao, id_entidade) values (5, 'http://dummyimage.com/109x100.png/5fa2dd/ffffff', 'ante vestibulum ante ipsum', 2);
insert into imagem (id, url, descricao, id_entidade) values (6, 'http://dummyimage.com/227x100.png/5fa2dd/ffffff', 'nullam porttitor lacus at', 42);
insert into imagem (id, url, descricao, id_entidade) values (7, 'http://dummyimage.com/231x100.png/dddddd/000000', 'quam sapien varius ut', 46);
insert into imagem (id, url, descricao, id_entidade) values (8, 'http://dummyimage.com/233x100.png/dddddd/000000', 'cursus urna ut tellus nulla', 9);
insert into imagem (id, url, descricao, id_entidade) values (9, 'http://dummyimage.com/183x100.png/dddddd/000000', 'curabitur gravida nisi at nibh', 11);
insert into imagem (id, url, descricao, id_entidade) values (10, 'http://dummyimage.com/187x100.png/cc0000/ffffff', 'ante vestibulum ante', 7);
insert into imagem (id, url, descricao, id_entidade) values (11, 'http://dummyimage.com/145x100.png/ff4444/ffffff', 'ut massa quis augue', 29);
insert into imagem (id, url, descricao, id_entidade) values (12, 'http://dummyimage.com/172x100.png/dddddd/000000', 'porta volutpat erat quisque erat', 21);
insert into imagem (id, url, descricao, id_entidade) values (13, 'http://dummyimage.com/113x100.png/5fa2dd/ffffff', 'vel ipsum praesent blandit lacinia', 43);
insert into imagem (id, url, descricao, id_entidade) values (14, 'http://dummyimage.com/186x100.png/5fa2dd/ffffff', 'sed magna at nunc', 15);
insert into imagem (id, url, descricao, id_entidade) values (15, 'http://dummyimage.com/158x100.png/cc0000/ffffff', 'nascetur ridiculus mus', 1);
insert into imagem (id, url, descricao, id_entidade) values (16, 'http://dummyimage.com/143x100.png/5fa2dd/ffffff', 'rutrum nulla tellus', 27);
insert into imagem (id, url, descricao, id_entidade) values (17, 'http://dummyimage.com/241x100.png/cc0000/ffffff', 'sed interdum venenatis turpis enim', 34);
insert into imagem (id, url, descricao, id_entidade) values (18, 'http://dummyimage.com/247x100.png/cc0000/ffffff', 'justo in blandit ultrices', 30);
insert into imagem (id, url, descricao, id_entidade) values (19, 'http://dummyimage.com/250x100.png/ff4444/ffffff', 'orci luctus et', 44);
insert into imagem (id, url, descricao, id_entidade) values (20, 'http://dummyimage.com/235x100.png/dddddd/000000', 'a ipsum integer a nibh', 16);
insert into imagem (id, url, descricao, id_entidade) values (21, 'http://dummyimage.com/229x100.png/ff4444/ffffff', 'etiam justo etiam pretium', 5);
insert into imagem (id, url, descricao, id_entidade) values (22, 'http://dummyimage.com/155x100.png/dddddd/000000', 'suspendisse ornare consequat lectus', 45);
insert into imagem (id, url, descricao, id_entidade) values (23, 'http://dummyimage.com/249x100.png/cc0000/ffffff', 'mauris lacinia sapien quis libero', 43);
insert into imagem (id, url, descricao, id_entidade) values (24, 'http://dummyimage.com/121x100.png/dddddd/000000', 'id sapien in sapien iaculis', 37);
insert into imagem (id, url, descricao, id_entidade) values (25, 'http://dummyimage.com/159x100.png/5fa2dd/ffffff', 'orci luctus et ultrices', 3);
insert into imagem (id, url, descricao, id_entidade) values (26, 'http://dummyimage.com/196x100.png/5fa2dd/ffffff', 'a feugiat et eros', 37);
insert into imagem (id, url, descricao, id_entidade) values (27, 'http://dummyimage.com/248x100.png/ff4444/ffffff', 'pharetra magna vestibulum aliquet', 48);
insert into imagem (id, url, descricao, id_entidade) values (28, 'http://dummyimage.com/114x100.png/5fa2dd/ffffff', 'nisi venenatis tristique', 20);
insert into imagem (id, url, descricao, id_entidade) values (29, 'http://dummyimage.com/248x100.png/5fa2dd/ffffff', 'dis parturient montes', 4);
insert into imagem (id, url, descricao, id_entidade) values (30, 'http://dummyimage.com/238x100.png/5fa2dd/ffffff', 'justo lacinia eget tincidunt', 4);
insert into imagem (id, url, descricao, id_entidade) values (31, 'http://dummyimage.com/140x100.png/ff4444/ffffff', 'semper sapien a libero', 7);
insert into imagem (id, url, descricao, id_entidade) values (32, 'http://dummyimage.com/212x100.png/cc0000/ffffff', 'viverra dapibus nulla', 34);
insert into imagem (id, url, descricao, id_entidade) values (33, 'http://dummyimage.com/126x100.png/cc0000/ffffff', 'nulla neque libero convallis', 15);
insert into imagem (id, url, descricao, id_entidade) values (34, 'http://dummyimage.com/113x100.png/5fa2dd/ffffff', 'mauris lacinia sapien', 24);
insert into imagem (id, url, descricao, id_entidade) values (35, 'http://dummyimage.com/147x100.png/cc0000/ffffff', 'consequat ut nulla sed accumsan', 21);
insert into imagem (id, url, descricao, id_entidade) values (36, 'http://dummyimage.com/199x100.png/5fa2dd/ffffff', 'congue eget semper', 5);
insert into imagem (id, url, descricao, id_entidade) values (37, 'http://dummyimage.com/103x100.png/dddddd/000000', 'lacinia aenean sit amet justo', 45);
insert into imagem (id, url, descricao, id_entidade) values (38, 'http://dummyimage.com/128x100.png/cc0000/ffffff', 'nisi vulputate nonummy', 47);
insert into imagem (id, url, descricao, id_entidade) values (39, 'http://dummyimage.com/224x100.png/dddddd/000000', 'pede venenatis non', 49);
insert into imagem (id, url, descricao, id_entidade) values (40, 'http://dummyimage.com/177x100.png/cc0000/ffffff', 'tellus in sagittis dui', 29);
insert into imagem (id, url, descricao, id_entidade) values (41, 'http://dummyimage.com/147x100.png/dddddd/000000', 'ut dolor morbi', 37);
insert into imagem (id, url, descricao, id_entidade) values (42, 'http://dummyimage.com/171x100.png/5fa2dd/ffffff', 'enim leo rhoncus sed vestibulum', 14);
insert into imagem (id, url, descricao, id_entidade) values (43, 'http://dummyimage.com/139x100.png/ff4444/ffffff', 'dui proin leo odio', 22);
insert into imagem (id, url, descricao, id_entidade) values (44, 'http://dummyimage.com/151x100.png/dddddd/000000', 'dictumst etiam faucibus', 28);
insert into imagem (id, url, descricao, id_entidade) values (45, 'http://dummyimage.com/228x100.png/cc0000/ffffff', 'lobortis convallis tortor', 42);
insert into imagem (id, url, descricao, id_entidade) values (46, 'http://dummyimage.com/132x100.png/ff4444/ffffff', 'pellentesque eget nunc donec quis', 40);
insert into imagem (id, url, descricao, id_entidade) values (47, 'http://dummyimage.com/132x100.png/cc0000/ffffff', 'semper porta volutpat', 28);
insert into imagem (id, url, descricao, id_entidade) values (48, 'http://dummyimage.com/207x100.png/cc0000/ffffff', 'augue a suscipit nulla elit', 36);
insert into imagem (id, url, descricao, id_entidade) values (49, 'http://dummyimage.com/166x100.png/dddddd/000000', 'faucibus cursus urna', 33);
insert into imagem (id, url, descricao, id_entidade) values (50, 'http://dummyimage.com/230x100.png/5fa2dd/ffffff', 'pede ac diam cras', 35);
insert into imagem (id, url, descricao, id_entidade) values (51, 'http://dummyimage.com/156x100.png/dddddd/000000', 'at nunc commodo placerat', 19);
insert into imagem (id, url, descricao, id_entidade) values (52, 'http://dummyimage.com/165x100.png/cc0000/ffffff', 'rhoncus sed vestibulum', 37);
insert into imagem (id, url, descricao, id_entidade) values (53, 'http://dummyimage.com/110x100.png/cc0000/ffffff', 'convallis duis consequat dui', 15);
insert into imagem (id, url, descricao, id_entidade) values (54, 'http://dummyimage.com/131x100.png/dddddd/000000', 'augue vestibulum rutrum rutrum neque', 7);
insert into imagem (id, url, descricao, id_entidade) values (55, 'http://dummyimage.com/146x100.png/dddddd/000000', 'turpis eget elit sodales', 38);
insert into imagem (id, url, descricao, id_entidade) values (56, 'http://dummyimage.com/110x100.png/dddddd/000000', 'morbi vestibulum velit', 44);
insert into imagem (id, url, descricao, id_entidade) values (57, 'http://dummyimage.com/175x100.png/ff4444/ffffff', 'odio donec vitae nisi', 30);
insert into imagem (id, url, descricao, id_entidade) values (58, 'http://dummyimage.com/197x100.png/cc0000/ffffff', 'magna vestibulum aliquet', 8);
insert into imagem (id, url, descricao, id_entidade) values (59, 'http://dummyimage.com/111x100.png/dddddd/000000', 'vitae nisl aenean', 46);
insert into imagem (id, url, descricao, id_entidade) values (60, 'http://dummyimage.com/192x100.png/ff4444/ffffff', 'ultrices phasellus id', 34);
insert into imagem (id, url, descricao, id_entidade) values (61, 'http://dummyimage.com/211x100.png/ff4444/ffffff', 'felis ut at dolor quis', 26);
insert into imagem (id, url, descricao, id_entidade) values (62, 'http://dummyimage.com/238x100.png/5fa2dd/ffffff', 'quisque arcu libero rutrum', 33);
insert into imagem (id, url, descricao, id_entidade) values (63, 'http://dummyimage.com/109x100.png/cc0000/ffffff', 'nulla sed vel', 45);
insert into imagem (id, url, descricao, id_entidade) values (64, 'http://dummyimage.com/125x100.png/cc0000/ffffff', 'sapien ut nunc vestibulum', 7);
insert into imagem (id, url, descricao, id_entidade) values (65, 'http://dummyimage.com/151x100.png/5fa2dd/ffffff', 'pede justo eu massa donec', 27);

insert into participante (id, nome, email) values (1, 'Ozzie', 'owardale0@jimdo.com');
insert into participante (id, nome, email) values (2, 'Milena', 'mdanielski1@so-net.ne.jp');
insert into participante (id, nome, email) values (3, 'Ethelred', 'egurnett2@prnewswire.com');
insert into participante (id, nome, email) values (4, 'Allissa', 'aszachniewicz3@plala.or.jp');
insert into participante (id, nome, email) values (5, 'Jervis', 'jsloegrave4@census.gov');
insert into participante (id, nome, email) values (6, 'Gloria', 'gwressell5@purevolume.com');
insert into participante (id, nome, email) values (7, 'Hilda', 'hfreed6@ask.com');
insert into participante (id, nome, email) values (8, 'Omero', 'omcmackin7@ezinearticles.com');
insert into participante (id, nome, email) values (9, 'Ina', 'ivankov8@lulu.com');
insert into participante (id, nome, email) values (10, 'Jennilee', 'jklampk9@vinaora.com');
insert into participante (id, nome, email) values (11, 'Terence', 'twalczaka@ted.com');
insert into participante (id, nome, email) values (12, 'Ezekiel', 'esheehanb@walmart.com');
insert into participante (id, nome, email) values (13, 'Daven', 'ddevannyc@ifeng.com');
insert into participante (id, nome, email) values (14, 'Saxe', 'skiwitzd@geocities.com');
insert into participante (id, nome, email) values (15, 'Erda', 'emortene@noaa.gov');
insert into participante (id, nome, email) values (16, 'Darcee', 'dburfieldf@guardian.co.uk');
insert into participante (id, nome, email) values (17, 'Ellen', 'ecowardg@upenn.edu');
insert into participante (id, nome, email) values (18, 'Chen', 'cmewhirterh@amazon.com');
insert into participante (id, nome, email) values (19, 'Gery', 'gvanderkruysi@cocolog-nifty.com');
insert into participante (id, nome, email) values (20, 'Xavier', 'xlibreyj@sphinn.com');
insert into participante (id, nome, email) values (21, 'Devlin', 'dblinckhornek@zimbio.com');
insert into participante (id, nome, email) values (22, 'Stu', 'smulveyl@csmonitor.com');
insert into participante (id, nome, email) values (23, 'Diann', 'dbraundtm@ehow.com');
insert into participante (id, nome, email) values (24, 'Louie', 'lhawksleen@dot.gov');
insert into participante (id, nome, email) values (25, 'Cori', 'cbrosiuso@comsenz.com');
insert into participante (id, nome, email) values (26, 'Orsa', 'owarrickp@netvibes.com');
insert into participante (id, nome, email) values (27, 'Beau', 'bkubickiq@google.it');
insert into participante (id, nome, email) values (28, 'Davie', 'dtrowbridger@cpanel.net');
insert into participante (id, nome, email) values (29, 'Horton', 'hclappsons@reverbnation.com');
insert into participante (id, nome, email) values (30, 'Ardisj', 'akybirdt@seesaa.net');
insert into participante (id, nome, email) values (31, 'Welch', 'wgethouseu@theglobeandmail.com');
insert into participante (id, nome, email) values (32, 'Krista', 'kgaveltonev@uiuc.edu');
insert into participante (id, nome, email) values (33, 'Rozele', 'rkellingtonw@thetimes.co.uk');
insert into participante (id, nome, email) values (34, 'Starr', 'sbrayshawx@t-online.de');
insert into participante (id, nome, email) values (35, 'Waverly', 'wsellery@patch.com');
insert into participante (id, nome, email) values (36, 'Ardella', 'arimez@youtu.be');
insert into participante (id, nome, email) values (37, 'Letta', 'lriccione10@dailymail.co.uk');
insert into participante (id, nome, email) values (38, 'Siffre', 'sshrimpling11@amazon.de');
insert into participante (id, nome, email) values (39, 'Robb', 'rfrancino12@last.fm');
insert into participante (id, nome, email) values (40, 'Marjie', 'mgimber13@virginia.edu');
insert into participante (id, nome, email) values (41, 'Niel', 'nteale14@technorati.com');
insert into participante (id, nome, email) values (42, 'Vikky', 'vkrinks15@ftc.gov');
insert into participante (id, nome, email) values (43, 'Micki', 'mclaypoole16@admin.ch');
insert into participante (id, nome, email) values (44, 'Ali', 'azisneros17@nationalgeographic.com');
insert into participante (id, nome, email) values (45, 'Hayward', 'hbosch18@nytimes.com');
insert into participante (id, nome, email) values (46, 'Lilah', 'lmerriton19@newsvine.com');
insert into participante (id, nome, email) values (47, 'Alana', 'adawidowicz1a@latimes.com');
insert into participante (id, nome, email) values (48, 'Fabien', 'fspeak1b@webmd.com');
insert into participante (id, nome, email) values (49, 'Eward', 'eschreurs1c@altervista.org');
insert into participante (id, nome, email) values (50, 'Tootsie', 'tjencey1d@statcounter.com');
insert into participante (id, nome, email) values (51, 'Deb', 'dperkins1e@nymag.com');
insert into participante (id, nome, email) values (52, 'Tyrone', 'tgeaney1f@posterous.com');
insert into participante (id, nome, email) values (53, 'Rocky', 'rriseborough1g@squidoo.com');
insert into participante (id, nome, email) values (54, 'Amalia', 'abelsher1h@geocities.jp');
insert into participante (id, nome, email) values (55, 'Lucho', 'lbleckly1i@toplist.cz');
insert into participante (id, nome, email) values (56, 'Meier', 'mpowton1j@slate.com');
insert into participante (id, nome, email) values (57, 'Johann', 'jthornthwaite1k@jimdo.com');
insert into participante (id, nome, email) values (58, 'Cindee', 'cmableson1l@alexa.com');
insert into participante (id, nome, email) values (59, 'Harriot', 'hebdon1m@google.com.au');
insert into participante (id, nome, email) values (60, 'Coreen', 'cgorner1n@comsenz.com');
insert into participante (id, nome, email) values (61, 'Dee', 'dmasarrat1o@last.fm');
insert into participante (id, nome, email) values (62, 'Desi', 'dpope1p@epa.gov');
insert into participante (id, nome, email) values (63, 'Ginger', 'gheffy1q@cloudflare.com');
insert into participante (id, nome, email) values (64, 'Xever', 'xschlagman1r@si.edu');
insert into participante (id, nome, email) values (65, 'Charita', 'cnewcomb1s@wsj.com');
insert into participante (id, nome, email) values (66, 'Honoria', 'hgartshore1t@sakura.ne.jp');
insert into participante (id, nome, email) values (67, 'Culver', 'ckermath1u@comcast.net');
insert into participante (id, nome, email) values (68, 'Appolonia', 'astrothers1v@nbcnews.com');
insert into participante (id, nome, email) values (69, 'Jenine', 'jbaccus1w@ameblo.jp');
insert into participante (id, nome, email) values (70, 'Mahmoud', 'mseeley1x@fema.gov');
insert into participante (id, nome, email) values (71, 'Reginald', 'rswalwel1y@imdb.com');
insert into participante (id, nome, email) values (72, 'Aloin', 'apettus1z@is.gd');
insert into participante (id, nome, email) values (73, 'Aimee', 'aelie20@weibo.com');
insert into participante (id, nome, email) values (74, 'Tessi', 'tupham21@ucoz.ru');
insert into participante (id, nome, email) values (75, 'Claus', 'cleney22@google.com');
insert into participante (id, nome, email) values (76, 'Rafael', 'rallcroft23@photobucket.com');
insert into participante (id, nome, email) values (77, 'Marcy', 'mbigg24@foxnews.com');
insert into participante (id, nome, email) values (78, 'Valentine', 'vbeyne25@bloglines.com');
insert into participante (id, nome, email) values (79, 'Lars', 'lpenwright26@zdnet.com');
insert into participante (id, nome, email) values (80, 'Johny', 'jstappard27@homestead.com');
insert into participante (id, nome, email) values (81, 'Tamera', 'tduny28@samsung.com');
insert into participante (id, nome, email) values (82, 'Tedi', 'tgarces29@ovh.net');
insert into participante (id, nome, email) values (83, 'Sidney', 'sfilippello2a@ifeng.com');
insert into participante (id, nome, email) values (84, 'Tedda', 'trichfield2b@nationalgeographic.com');
insert into participante (id, nome, email) values (85, 'Darby', 'dviste2c@shop-pro.jp');
insert into participante (id, nome, email) values (86, 'Katy', 'kplowright2d@ning.com');
insert into participante (id, nome, email) values (87, 'Merle', 'mtrevillion2e@wisc.edu');
insert into participante (id, nome, email) values (88, 'Royall', 'rlongina2f@dailymotion.com');
insert into participante (id, nome, email) values (89, 'Regine', 'rdron2g@friendfeed.com');
insert into participante (id, nome, email) values (90, 'Freedman', 'fornils2h@gov.uk');
insert into participante (id, nome, email) values (91, 'Alma', 'abeane2i@un.org');
insert into participante (id, nome, email) values (92, 'Cordula', 'celham2j@zimbio.com');
insert into participante (id, nome, email) values (93, 'Tan', 'tbassford2k@typepad.com');
insert into participante (id, nome, email) values (94, 'Cinnamon', 'cfleischmann2l@google.pl');
insert into participante (id, nome, email) values (95, 'Karine', 'kfuggle2m@webnode.com');
insert into participante (id, nome, email) values (96, 'Paige', 'pcassely2n@harvard.edu');
insert into participante (id, nome, email) values (97, 'Meara', 'mdinneen2o@intel.com');
insert into participante (id, nome, email) values (98, 'Merell', 'msenett2p@skyrock.com');
insert into participante (id, nome, email) values (99, 'Florri', 'fwisniewski2q@msn.com');
insert into participante (id, nome, email) values (100, 'Chevalier', 'cciccerale2r@hostgator.com');

insert into participacao (id, id_participante, id_sessao) values (1, 10, 34);
insert into participacao (id, id_participante, id_sessao) values (2, 12, 44);
insert into participacao (id, id_participante, id_sessao) values (3, 5, 7);
insert into participacao (id, id_participante, id_sessao) values (4, 17, 28);
insert into participacao (id, id_participante, id_sessao) values (5, 25, 13);
insert into participacao (id, id_participante, id_sessao) values (6, 21, 49);
insert into participacao (id, id_participante, id_sessao) values (7, 99, 17);
insert into participacao (id, id_participante, id_sessao) values (8, 27, 42);
insert into participacao (id, id_participante, id_sessao) values (9, 28, 44);
insert into participacao (id, id_participante, id_sessao) values (10, 2, 36);
insert into participacao (id, id_participante, id_sessao) values (11, 100, 1);
insert into participacao (id, id_participante, id_sessao) values (12, 75, 45);
insert into participacao (id, id_participante, id_sessao) values (13, 35, 28);
insert into participacao (id, id_participante, id_sessao) values (14, 38, 23);
insert into participacao (id, id_participante, id_sessao) values (15, 24, 36);
insert into participacao (id, id_participante, id_sessao) values (16, 39, 28);
insert into participacao (id, id_participante, id_sessao) values (17, 68, 7);
insert into participacao (id, id_participante, id_sessao) values (18, 75, 48);
insert into participacao (id, id_participante, id_sessao) values (19, 71, 39);
insert into participacao (id, id_participante, id_sessao) values (20, 11, 2);
insert into participacao (id, id_participante, id_sessao) values (21, 87, 28);
insert into participacao (id, id_participante, id_sessao) values (22, 18, 28);
insert into participacao (id, id_participante, id_sessao) values (23, 4, 5);
insert into participacao (id, id_participante, id_sessao) values (24, 50, 19);
insert into participacao (id, id_participante, id_sessao) values (25, 32, 26);
insert into participacao (id, id_participante, id_sessao) values (26, 92, 14);
insert into participacao (id, id_participante, id_sessao) values (27, 55, 31);
insert into participacao (id, id_participante, id_sessao) values (28, 6, 46);
insert into participacao (id, id_participante, id_sessao) values (29, 10, 21);
insert into participacao (id, id_participante, id_sessao) values (30, 40, 4);
insert into participacao (id, id_participante, id_sessao) values (31, 62, 16);
insert into participacao (id, id_participante, id_sessao) values (32, 53, 48);
insert into participacao (id, id_participante, id_sessao) values (33, 68, 4);
insert into participacao (id, id_participante, id_sessao) values (34, 62, 12);
insert into participacao (id, id_participante, id_sessao) values (35, 64, 11);
insert into participacao (id, id_participante, id_sessao) values (36, 70, 48);
insert into participacao (id, id_participante, id_sessao) values (37, 92, 22);
insert into participacao (id, id_participante, id_sessao) values (38, 6, 3);
insert into participacao (id, id_participante, id_sessao) values (39, 4, 8);
insert into participacao (id, id_participante, id_sessao) values (40, 37, 32);
insert into participacao (id, id_participante, id_sessao) values (41, 54, 7);
insert into participacao (id, id_participante, id_sessao) values (42, 64, 17);
insert into participacao (id, id_participante, id_sessao) values (43, 81, 3);
insert into participacao (id, id_participante, id_sessao) values (44, 80, 7);
insert into participacao (id, id_participante, id_sessao) values (45, 73, 24);
insert into participacao (id, id_participante, id_sessao) values (46, 19, 42);
insert into participacao (id, id_participante, id_sessao) values (47, 56, 27);
insert into participacao (id, id_participante, id_sessao) values (48, 41, 29);
insert into participacao (id, id_participante, id_sessao) values (49, 95, 8);
insert into participacao (id, id_participante, id_sessao) values (50, 73, 1);
insert into participacao (id, id_participante, id_sessao) values (51, 26, 13);
insert into participacao (id, id_participante, id_sessao) values (52, 62, 31);
insert into participacao (id, id_participante, id_sessao) values (53, 83, 8);
insert into participacao (id, id_participante, id_sessao) values (54, 95, 25);
insert into participacao (id, id_participante, id_sessao) values (55, 30, 38);
insert into participacao (id, id_participante, id_sessao) values (56, 92, 27);
insert into participacao (id, id_participante, id_sessao) values (57, 41, 1);
insert into participacao (id, id_participante, id_sessao) values (58, 58, 13);
insert into participacao (id, id_participante, id_sessao) values (59, 26, 36);
insert into participacao (id, id_participante, id_sessao) values (60, 10, 19);
insert into participacao (id, id_participante, id_sessao) values (61, 25, 19);
insert into participacao (id, id_participante, id_sessao) values (62, 81, 38);
insert into participacao (id, id_participante, id_sessao) values (63, 44, 21);
insert into participacao (id, id_participante, id_sessao) values (64, 44, 29);
insert into participacao (id, id_participante, id_sessao) values (65, 58, 32);
insert into participacao (id, id_participante, id_sessao) values (66, 85, 17);
insert into participacao (id, id_participante, id_sessao) values (67, 21, 36);
insert into participacao (id, id_participante, id_sessao) values (68, 87, 32);
insert into participacao (id, id_participante, id_sessao) values (69, 28, 9);
insert into participacao (id, id_participante, id_sessao) values (70, 40, 18);
insert into participacao (id, id_participante, id_sessao) values (71, 92, 19);
insert into participacao (id, id_participante, id_sessao) values (72, 84, 27);
insert into participacao (id, id_participante, id_sessao) values (73, 2, 33);
insert into participacao (id, id_participante, id_sessao) values (74, 49, 31);
insert into participacao (id, id_participante, id_sessao) values (75, 6, 23);
insert into participacao (id, id_participante, id_sessao) values (76, 11, 41);
insert into participacao (id, id_participante, id_sessao) values (77, 35, 45);
insert into participacao (id, id_participante, id_sessao) values (78, 47, 38);
insert into participacao (id, id_participante, id_sessao) values (79, 23, 38);
insert into participacao (id, id_participante, id_sessao) values (80, 36, 27);
insert into participacao (id, id_participante, id_sessao) values (81, 66, 4);
insert into participacao (id, id_participante, id_sessao) values (82, 81, 3);
insert into participacao (id, id_participante, id_sessao) values (83, 100, 9);
insert into participacao (id, id_participante, id_sessao) values (84, 11, 40);
insert into participacao (id, id_participante, id_sessao) values (85, 100, 50);
insert into participacao (id, id_participante, id_sessao) values (86, 49, 39);
insert into participacao (id, id_participante, id_sessao) values (87, 56, 37);
insert into participacao (id, id_participante, id_sessao) values (88, 88, 34);
insert into participacao (id, id_participante, id_sessao) values (89, 59, 17);
insert into participacao (id, id_participante, id_sessao) values (90, 20, 50);
insert into participacao (id, id_participante, id_sessao) values (91, 2, 8);
insert into participacao (id, id_participante, id_sessao) values (92, 17, 37);
insert into participacao (id, id_participante, id_sessao) values (93, 58, 31);
insert into participacao (id, id_participante, id_sessao) values (94, 74, 17);
insert into participacao (id, id_participante, id_sessao) values (95, 75, 23);
insert into participacao (id, id_participante, id_sessao) values (96, 55, 20);
insert into participacao (id, id_participante, id_sessao) values (97, 94, 47);
insert into participacao (id, id_participante, id_sessao) values (98, 85, 21);
insert into participacao (id, id_participante, id_sessao) values (99, 41, 33);
insert into participacao (id, id_participante, id_sessao) values (100, 75, 5);

insert into palestrante (id, nome, sobrenome, email, descricao_profissional) values (1, 'Ros', 'Giacobini', 'rgiacobini0@msn.com', 'Recruiter');
insert into palestrante (id, nome, sobrenome, email, descricao_profissional) values (2, 'Conrad', 'Serginson', 'cserginson1@edublogs.org', 'Compensation Analyst');
insert into palestrante (id, nome, sobrenome, email, descricao_profissional) values (3, 'Blakeley', 'Aldis', 'baldis2@pbs.org', 'Administrative Officer');
insert into palestrante (id, nome, sobrenome, email, descricao_profissional) values (4, 'Del', 'Pauel', 'dpauel3@aol.com', 'Graphic Designer');
insert into palestrante (id, nome, sobrenome, email, descricao_profissional) values (5, 'Batholomew', 'Haggidon', 'bhaggidon4@nymag.com', 'Office Assistant III');
insert into palestrante (id, nome, sobrenome, email, descricao_profissional) values (6, 'Julietta', 'Whellans', 'jwhellans5@w3.org', 'Community Outreach Specialist');
insert into palestrante (id, nome, sobrenome, email, descricao_profissional) values (7, 'Dorelia', 'Thowes', 'dthowes6@is.gd', 'Actuary');
insert into palestrante (id, nome, sobrenome, email, descricao_profissional) values (8, 'Erskine', 'Loosely', 'eloosely7@skyrock.com', 'Research Assistant III');
insert into palestrante (id, nome, sobrenome, email, descricao_profissional) values (9, 'Aristotle', 'Isenor', 'aisenor8@dyndns.org', 'Engineer IV');
insert into palestrante (id, nome, sobrenome, email, descricao_profissional) values (10, 'Bunnie', 'Bishop', 'bbishop9@weebly.com', 'Community Outreach Specialist');
insert into palestrante (id, nome, sobrenome, email, descricao_profissional) values (11, 'Gilda', 'Pauncefort', 'gpaunceforta@constantcontact.com', 'Occupational Therapist');
insert into palestrante (id, nome, sobrenome, email, descricao_profissional) values (12, 'Palm', 'Lyver', 'plyverb@berkeley.edu', 'Executive Secretary');
insert into palestrante (id, nome, sobrenome, email, descricao_profissional) values (13, 'Henrietta', 'Spellicy', 'hspellicyc@ow.ly', 'Administrative Officer');
insert into palestrante (id, nome, sobrenome, email, descricao_profissional) values (14, 'Rakel', 'Darwent', 'rdarwentd@sourceforge.net', 'Administrative Officer');
insert into palestrante (id, nome, sobrenome, email, descricao_profissional) values (15, 'Mavra', 'Sanderson', 'msandersone@paginegialle.it', 'Automation Specialist I');
insert into palestrante (id, nome, sobrenome, email, descricao_profissional) values (16, 'Morgan', 'Braden', 'mbradenf@slashdot.org', 'Senior Developer');
insert into palestrante (id, nome, sobrenome, email, descricao_profissional) values (17, 'Freemon', 'Mollitt', 'fmollittg@guardian.co.uk', 'Assistant Manager');
insert into palestrante (id, nome, sobrenome, email, descricao_profissional) values (18, 'Ringo', 'Stadden', 'rstaddenh@xrea.com', 'Help Desk Operator');
insert into palestrante (id, nome, sobrenome, email, descricao_profissional) values (19, 'Monty', 'Paolillo', 'mpaolilloi@qq.com', 'Administrative Officer');
insert into palestrante (id, nome, sobrenome, email, descricao_profissional) values (20, 'Kathie', 'McCauley', 'kmccauleyj@blogs.com', 'Staff Scientist');
insert into palestrante (id, nome, sobrenome, email, descricao_profissional) values (21, 'Umeko', 'Stidworthy', 'ustidworthyk@webnode.com', 'Professor');
insert into palestrante (id, nome, sobrenome, email, descricao_profissional) values (22, 'Tremayne', 'Garment', 'tgarmentl@mail.ru', 'Engineer III');
insert into palestrante (id, nome, sobrenome, email, descricao_profissional) values (23, 'Jemie', 'Hurdle', 'jhurdlem@rediff.com', 'Cost Accountant');
insert into palestrante (id, nome, sobrenome, email, descricao_profissional) values (24, 'Ibby', 'Marc', 'imarcn@latimes.com', 'Structural Analysis Engineer');
insert into palestrante (id, nome, sobrenome, email, descricao_profissional) values (25, 'Ali', 'Turban', 'aturbano@rakuten.co.jp', 'Chief Design Engineer');
insert into palestrante (id, nome, sobrenome, email, descricao_profissional) values (26, 'Kettie', 'Kisar', 'kkisarp@people.com.cn', 'Software Engineer III');
insert into palestrante (id, nome, sobrenome, email, descricao_profissional) values (27, 'Forster', 'O''Connell', 'foconnellq@google.pl', 'Assistant Manager');
insert into palestrante (id, nome, sobrenome, email, descricao_profissional) values (28, 'Royce', 'Dunster', 'rdunsterr@mashable.com', 'Web Designer II');
insert into palestrante (id, nome, sobrenome, email, descricao_profissional) values (29, 'Georgeanna', 'Cancutt', 'gcancutts@soup.io', 'Cost Accountant');
insert into palestrante (id, nome, sobrenome, email, descricao_profissional) values (30, 'Bibi', 'Astlet', 'bastlett@adobe.com', 'Physical Therapy Assistant');
insert into palestrante (id, nome, sobrenome, email, descricao_profissional) values (31, 'Nolie', 'GiacobbiniJacob', 'ngiacobbinijacobu@columbia.edu', 'Social Worker');
insert into palestrante (id, nome, sobrenome, email, descricao_profissional) values (32, 'Red', 'Shingfield', 'rshingfieldv@bloglovin.com', 'Software Consultant');
insert into palestrante (id, nome, sobrenome, email, descricao_profissional) values (33, 'Carmella', 'Gauchier', 'cgauchierw@buzzfeed.com', 'Business Systems Development Analyst');
insert into palestrante (id, nome, sobrenome, email, descricao_profissional) values (34, 'Kalie', 'Ruckert', 'kruckertx@over-blog.com', 'Payment Adjustment Coordinator');
insert into palestrante (id, nome, sobrenome, email, descricao_profissional) values (35, 'Sydel', 'Tedder', 'steddery@bbc.co.uk', 'Biostatistician II');
insert into palestrante (id, nome, sobrenome, email, descricao_profissional) values (36, 'Colline', 'Toplis', 'ctoplisz@ucoz.com', 'Structural Engineer');
insert into palestrante (id, nome, sobrenome, email, descricao_profissional) values (37, 'Meredith', 'Shakspeare', 'mshakspeare10@amazon.co.jp', 'Administrative Assistant IV');
insert into palestrante (id, nome, sobrenome, email, descricao_profissional) values (38, 'Romona', 'Lutton', 'rlutton11@joomla.org', 'GIS Technical Architect');
insert into palestrante (id, nome, sobrenome, email, descricao_profissional) values (39, 'Almeda', 'Buney', 'abuney12@vkontakte.ru', 'Biostatistician III');
insert into palestrante (id, nome, sobrenome, email, descricao_profissional) values (40, 'Amitie', 'Pawlaczyk', 'apawlaczyk13@uiuc.edu', 'Civil Engineer');
insert into palestrante (id, nome, sobrenome, email, descricao_profissional) values (41, 'Erica', 'Treadwell', 'etreadwell14@arstechnica.com', 'Business Systems Development Analyst');
insert into palestrante (id, nome, sobrenome, email, descricao_profissional) values (42, 'Arnold', 'Bracco', 'abracco15@independent.co.uk', 'Registered Nurse');
insert into palestrante (id, nome, sobrenome, email, descricao_profissional) values (43, 'Lotte', 'Drysdell', 'ldrysdell16@tripadvisor.com', 'Nurse');
insert into palestrante (id, nome, sobrenome, email, descricao_profissional) values (44, 'Kaitlyn', 'Ajam', 'kajam17@bandcamp.com', 'Social Worker');
insert into palestrante (id, nome, sobrenome, email, descricao_profissional) values (45, 'Dorisa', 'O''Fallon', 'dofallon18@parallels.com', 'Marketing Assistant');
insert into palestrante (id, nome, sobrenome, email, descricao_profissional) values (46, 'Emili', 'Pendre', 'ependre19@eepurl.com', 'Structural Engineer');
insert into palestrante (id, nome, sobrenome, email, descricao_profissional) values (47, 'Gayel', 'Getcliffe', 'ggetcliffe1a@shutterfly.com', 'Human Resources Manager');
insert into palestrante (id, nome, sobrenome, email, descricao_profissional) values (48, 'Donia', 'Inch', 'dinch1b@woothemes.com', 'Financial Advisor');
insert into palestrante (id, nome, sobrenome, email, descricao_profissional) values (49, 'Charo', 'Mathiasen', 'cmathiasen1c@is.gd', 'Quality Control Specialist');
insert into palestrante (id, nome, sobrenome, email, descricao_profissional) values (50, 'Jasper', 'Adolfson', 'jadolfson1d@php.net', 'Payment Adjustment Coordinator');

insert into palestra (id, id_palestrante, id_sessao) values (1, 25, 41);
insert into palestra (id, id_palestrante, id_sessao) values (2, 21, 31);
insert into palestra (id, id_palestrante, id_sessao) values (3, 8, 50);
insert into palestra (id, id_palestrante, id_sessao) values (4, 22, 46);
insert into palestra (id, id_palestrante, id_sessao) values (5, 28, 6);
insert into palestra (id, id_palestrante, id_sessao) values (6, 12, 14);
insert into palestra (id, id_palestrante, id_sessao) values (7, 11, 19);
insert into palestra (id, id_palestrante, id_sessao) values (8, 36, 44);
insert into palestra (id, id_palestrante, id_sessao) values (9, 1, 3);
insert into palestra (id, id_palestrante, id_sessao) values (10, 25, 48);
insert into palestra (id, id_palestrante, id_sessao) values (11, 40, 36);
insert into palestra (id, id_palestrante, id_sessao) values (12, 23, 18);
insert into palestra (id, id_palestrante, id_sessao) values (13, 42, 16);
insert into palestra (id, id_palestrante, id_sessao) values (14, 33, 48);
insert into palestra (id, id_palestrante, id_sessao) values (15, 32, 25);
insert into palestra (id, id_palestrante, id_sessao) values (16, 9, 34);
insert into palestra (id, id_palestrante, id_sessao) values (17, 28, 25);
insert into palestra (id, id_palestrante, id_sessao) values (18, 37, 1);
insert into palestra (id, id_palestrante, id_sessao) values (19, 22, 24);
insert into palestra (id, id_palestrante, id_sessao) values (20, 22, 8);
insert into palestra (id, id_palestrante, id_sessao) values (21, 18, 10);
insert into palestra (id, id_palestrante, id_sessao) values (22, 44, 31);
insert into palestra (id, id_palestrante, id_sessao) values (23, 44, 20);
insert into palestra (id, id_palestrante, id_sessao) values (24, 23, 20);
insert into palestra (id, id_palestrante, id_sessao) values (25, 32, 46);
insert into palestra (id, id_palestrante, id_sessao) values (26, 25, 42);
insert into palestra (id, id_palestrante, id_sessao) values (27, 11, 30);
insert into palestra (id, id_palestrante, id_sessao) values (28, 26, 27);
insert into palestra (id, id_palestrante, id_sessao) values (29, 41, 31);
insert into palestra (id, id_palestrante, id_sessao) values (30, 3, 28);
insert into palestra (id, id_palestrante, id_sessao) values (31, 31, 12);
insert into palestra (id, id_palestrante, id_sessao) values (32, 12, 34);
insert into palestra (id, id_palestrante, id_sessao) values (33, 50, 29);
insert into palestra (id, id_palestrante, id_sessao) values (34, 35, 5);
insert into palestra (id, id_palestrante, id_sessao) values (35, 30, 12);
insert into palestra (id, id_palestrante, id_sessao) values (36, 17, 41);
insert into palestra (id, id_palestrante, id_sessao) values (37, 36, 38);
insert into palestra (id, id_palestrante, id_sessao) values (38, 46, 40);
insert into palestra (id, id_palestrante, id_sessao) values (39, 30, 32);
insert into palestra (id, id_palestrante, id_sessao) values (40, 23, 41);
insert into palestra (id, id_palestrante, id_sessao) values (41, 49, 6);
insert into palestra (id, id_palestrante, id_sessao) values (42, 40, 40);
insert into palestra (id, id_palestrante, id_sessao) values (43, 43, 23);
insert into palestra (id, id_palestrante, id_sessao) values (44, 26, 48);
insert into palestra (id, id_palestrante, id_sessao) values (45, 28, 45);
insert into palestra (id, id_palestrante, id_sessao) values (46, 18, 17);
insert into palestra (id, id_palestrante, id_sessao) values (47, 32, 18);
insert into palestra (id, id_palestrante, id_sessao) values (48, 26, 9);
insert into palestra (id, id_palestrante, id_sessao) values (49, 10, 21);
insert into palestra (id, id_palestrante, id_sessao) values (50, 22, 15);

insert into avaliacao (id, id_sessao, id_participante, nota) values (1, 40, 63, 3);
insert into avaliacao (id, id_sessao, id_participante, nota) values (2, 41, 67, 4);
insert into avaliacao (id, id_sessao, id_participante, nota) values (3, 31, 59, 1);
insert into avaliacao (id, id_sessao, id_participante, nota) values (4, 22, 23, 3);
insert into avaliacao (id, id_sessao, id_participante, nota) values (5, 28, 83, 3);
insert into avaliacao (id, id_sessao, id_participante, nota) values (6, 40, 60, 4);
insert into avaliacao (id, id_sessao, id_participante, nota) values (7, 32, 37, 1);
insert into avaliacao (id, id_sessao, id_participante, nota) values (8, 9, 70, 2);
insert into avaliacao (id, id_sessao, id_participante, nota) values (9, 44, 21, 4);
insert into avaliacao (id, id_sessao, id_participante, nota) values (10, 44, 54, 5);
insert into avaliacao (id, id_sessao, id_participante, nota) values (11, 44, 29, 1);
insert into avaliacao (id, id_sessao, id_participante, nota) values (12, 28, 10, 5);
insert into avaliacao (id, id_sessao, id_participante, nota) values (13, 35, 62, 3);
insert into avaliacao (id, id_sessao, id_participante, nota) values (14, 4, 93, 1);
insert into avaliacao (id, id_sessao, id_participante, nota) values (15, 40, 16, 1);
insert into avaliacao (id, id_sessao, id_participante, nota) values (16, 46, 58, 5);
insert into avaliacao (id, id_sessao, id_participante, nota) values (17, 49, 22, 5);
insert into avaliacao (id, id_sessao, id_participante, nota) values (18, 41, 24, 5);
insert into avaliacao (id, id_sessao, id_participante, nota) values (19, 14, 76, 1);
insert into avaliacao (id, id_sessao, id_participante, nota) values (20, 11, 98, 4);
insert into avaliacao (id, id_sessao, id_participante, nota) values (21, 38, 64, 5);
insert into avaliacao (id, id_sessao, id_participante, nota) values (22, 20, 76, 5);
insert into avaliacao (id, id_sessao, id_participante, nota) values (23, 45, 69, 1);
insert into avaliacao (id, id_sessao, id_participante, nota) values (24, 12, 38, 5);
insert into avaliacao (id, id_sessao, id_participante, nota) values (25, 15, 42, 3);
insert into avaliacao (id, id_sessao, id_participante, nota) values (26, 49, 62, 1);
insert into avaliacao (id, id_sessao, id_participante, nota) values (27, 20, 68, 4);
insert into avaliacao (id, id_sessao, id_participante, nota) values (28, 3, 2, 4);
insert into avaliacao (id, id_sessao, id_participante, nota) values (29, 2, 14, 1);
insert into avaliacao (id, id_sessao, id_participante, nota) values (30, 44, 62, 3);
insert into avaliacao (id, id_sessao, id_participante, nota) values (31, 19, 96, 1);
insert into avaliacao (id, id_sessao, id_participante, nota) values (32, 13, 81, 5);
insert into avaliacao (id, id_sessao, id_participante, nota) values (33, 13, 34, 5);
insert into avaliacao (id, id_sessao, id_participante, nota) values (34, 7, 7, 4);
insert into avaliacao (id, id_sessao, id_participante, nota) values (35, 47, 59, 4);
insert into avaliacao (id, id_sessao, id_participante, nota) values (36, 4, 33, 5);
insert into avaliacao (id, id_sessao, id_participante, nota) values (37, 46, 68, 1);
insert into avaliacao (id, id_sessao, id_participante, nota) values (38, 38, 87, 3);
insert into avaliacao (id, id_sessao, id_participante, nota) values (39, 11, 78, 1);
insert into avaliacao (id, id_sessao, id_participante, nota) values (40, 27, 35, 3);
insert into avaliacao (id, id_sessao, id_participante, nota) values (41, 10, 72, 4);
insert into avaliacao (id, id_sessao, id_participante, nota) values (42, 43, 88, 2);
insert into avaliacao (id, id_sessao, id_participante, nota) values (43, 45, 65, 5);
insert into avaliacao (id, id_sessao, id_participante, nota) values (44, 7, 47, 2);
insert into avaliacao (id, id_sessao, id_participante, nota) values (45, 49, 85, 5);
insert into avaliacao (id, id_sessao, id_participante, nota) values (46, 36, 99, 4);
insert into avaliacao (id, id_sessao, id_participante, nota) values (47, 27, 43, 1);
insert into avaliacao (id, id_sessao, id_participante, nota) values (48, 49, 20, 1);
insert into avaliacao (id, id_sessao, id_participante, nota) values (49, 5, 100, 3);
insert into avaliacao (id, id_sessao, id_participante, nota) values (50, 29, 81, 5);

COMMIT;